URL,Last crawled,Status
https://ambisecure.ambimat.com/services/javacard-development/,2026-06-01,Pending
https://ambisecure.ambimat.com/services/java-card-development/,2026-06-01,Pending
https://ambisecure.ambimat.com/about/certifications/,2026-05-25,Pending
https://ambisecure.ambimat.com/blog/secure-iot-identity-with-applets/,2026-05-25,Pending
https://ambisecure.ambimat.com/solutions/,2026-05-25,Pending
https://ambisecure.ambimat.com/about/,2026-05-25,Pending
https://ambisecure.ambimat.com/products/javacard-applets/,2026-05-25,Pending
https://ambisecure.ambimat.com/products/onepass-card/,2026-05-25,Pending
https://ambisecure.ambimat.com/products/iot-security-coprocessor/,2026-05-25,Pending
https://ambisecure.ambimat.com/products/,2026-05-25,Pending
https://ambisecure.ambimat.com/cyber-security-threats/,2026-02-15,Pending
http://ambisecure.ambimat.com/solutions/,2026-02-15,Pending
https://ambisecure.ambimat.com/153225028.htm,2025-06-29,Pending
https://ambisecure.ambimat.com/252305560.htm,2025-05-17,Pending
https://ambisecure.ambimat.com/159272752.htm,2025-05-06,Pending
https://ambisecure.ambimat.com/19953136.htm,2025-05-02,Pending
https://ambisecure.ambimat.com/290846842.htm,2025-05-02,Pending
https://ambisecure.ambimat.com/36599800.htm,2025-05-02,Pending
https://ambisecure.ambimat.com/38150156.htm,2025-05-02,Pending
https://ambisecure.ambimat.com/207102814.htm,2025-05-02,Pending
https://ambisecure.ambimat.com/97568138.htm,2025-05-01,Pending
https://ambisecure.ambimat.com/10389180.htm,2025-05-01,Pending
https://ambisecure.ambimat.com/71913912.htm,2025-05-01,Pending
https://ambisecure.ambimat.com/18539732.htm,2025-05-01,Pending
https://ambisecure.ambimat.com/171766866.htm,2025-05-01,Pending
https://ambisecure.ambimat.com/60431674.htm,2025-05-01,Pending
https://ambisecure.ambimat.com/103153490.htm,2025-05-01,Pending
https://ambisecure.ambimat.com/296910996.htm,2025-05-01,Pending
https://ambisecure.ambimat.com/310324872.htm,2025-05-01,Pending
https://ambisecure.ambimat.com/107448716.htm,2025-05-01,Pending
https://ambisecure.ambimat.com/122077034.htm,2025-05-01,Pending
https://ambisecure.ambimat.com/171237290.htm,2025-05-01,Pending
https://ambisecure.ambimat.com/149475702.htm,2025-05-01,Pending
https://ambisecure.ambimat.com/85092786.htm,2025-05-01,Pending
https://ambisecure.ambimat.com/121149004.htm,2025-05-01,Pending
https://ambisecure.ambimat.com/260857958.htm,2025-05-01,Pending
https://ambisecure.ambimat.com/265463234.htm,2025-05-01,Pending
https://ambisecure.ambimat.com/142355152.htm,2025-05-01,Pending
https://ambisecure.ambimat.com/289274544.htm,2025-05-01,Pending
https://ambisecure.ambimat.com/97949314.htm,2025-04-29,Pending
https://ambisecure.ambimat.com/25829988.htm,2025-04-25,Pending
https://ambisecure.ambimat.com/222691492.htm,2025-04-25,Pending
https://ambisecure.ambimat.com/295479466.htm,2025-04-25,Pending
https://ambisecure.ambimat.com/100180190.htm,2025-04-25,Pending
https://ambisecure.ambimat.com/177759258.htm,2025-04-25,Pending
https://ambisecure.ambimat.com/62555914.htm,2025-04-25,Pending
https://ambisecure.ambimat.com/272302884.htm,2025-04-25,Pending
https://ambisecure.ambimat.com/81945964.htm,2025-04-25,Pending
https://ambisecure.ambimat.com/41948454.htm,2025-04-25,Pending
https://ambisecure.ambimat.com/166862988.htm,2025-04-25,Pending
https://ambisecure.ambimat.com/162708848.htm,2025-04-25,Pending
https://ambisecure.ambimat.com/247309886.htm,2025-04-24,Pending
https://ambisecure.ambimat.com/300748832.htm,2025-04-24,Pending
https://ambisecure.ambimat.com/260365694.htm,2025-04-24,Pending
https://ambisecure.ambimat.com/205205944.htm,2025-04-24,Pending
https://ambisecure.ambimat.com/127700546.htm,2025-04-24,Pending
https://ambisecure.ambimat.com/308900232.htm,2025-04-24,Pending
https://ambisecure.ambimat.com/249710044.htm,2025-04-24,Pending
https://ambisecure.ambimat.com/254773134.htm,2025-04-24,Pending
https://ambisecure.ambimat.com/317104420.htm,2025-04-24,Pending
https://ambisecure.ambimat.com/21211992.htm,2025-04-24,Pending
https://ambisecure.ambimat.com/295583240.htm,2025-04-24,Pending
https://ambisecure.ambimat.com/212125094.htm,2025-04-24,Pending
https://ambisecure.ambimat.com/67276200.htm,2025-04-24,Pending
https://ambisecure.ambimat.com/305669776.htm,2025-04-24,Pending
https://ambisecure.ambimat.com/162751672.htm,2025-04-24,Pending
https://ambisecure.ambimat.com/109388198.htm,2025-04-24,Pending
https://ambisecure.ambimat.com/193762078.htm,2025-04-24,Pending
https://ambisecure.ambimat.com/317473618.htm,2025-04-24,Pending
https://ambisecure.ambimat.com/271217338.htm,2025-04-24,Pending
https://ambisecure.ambimat.com/134560230.htm,2025-04-24,Pending
https://ambisecure.ambimat.com/261248886.htm,2025-04-24,Pending
https://ambisecure.ambimat.com/14517986.htm,2025-04-24,Pending
https://ambisecure.ambimat.com/72130470.htm,2025-04-24,Pending
https://ambisecure.ambimat.com/22974878.htm,2025-04-24,Pending
https://ambisecure.ambimat.com/77242320.htm,2025-04-24,Pending
https://ambisecure.ambimat.com/150153360.htm,2025-04-24,Pending
https://ambisecure.ambimat.com/119336934.htm,2025-04-24,Pending
https://ambisecure.ambimat.com/204690360.htm,2025-04-24,Pending
https://ambisecure.ambimat.com/73661640.htm,2025-04-24,Pending
https://ambisecure.ambimat.com/316133990.htm,2025-04-24,Pending
https://ambisecure.ambimat.com/130521948.htm,2025-04-24,Pending
https://ambisecure.ambimat.com/12305342.htm,2025-04-24,Pending
https://ambisecure.ambimat.com/140671554.htm,2025-04-24,Pending
https://ambisecure.ambimat.com/60461460.htm,2025-04-24,Pending
https://ambisecure.ambimat.com/76198220.htm,2025-04-24,Pending
https://ambisecure.ambimat.com/207184964.htm,2025-04-24,Pending
https://ambisecure.ambimat.com/220866490.htm,2025-04-24,Pending
https://ambisecure.ambimat.com/25906202.htm,2025-04-24,Pending
https://ambisecure.ambimat.com/31152142.htm,2025-04-24,Pending
https://ambisecure.ambimat.com/16304934.htm,2025-04-24,Pending
https://ambisecure.ambimat.com/154324036.htm,2025-04-24,Pending
https://ambisecure.ambimat.com/143117186.htm,2025-04-24,Pending
https://ambisecure.ambimat.com/122989906.htm,2025-04-24,Pending
https://ambisecure.ambimat.com/227259880.htm,2025-04-24,Pending
https://ambisecure.ambimat.com/242235666.htm,2025-04-24,Pending
https://ambisecure.ambimat.com/87653852.htm,2025-04-24,Pending
https://ambisecure.ambimat.com/103375666.htm,2025-04-24,Pending
https://ambisecure.ambimat.com/290234692.htm,2025-04-24,Pending
https://ambisecure.ambimat.com/119366190.htm,2025-04-24,Pending
https://ambisecure.ambimat.com/187430274.htm,2025-04-24,Pending
https://ambisecure.ambimat.com/71177530.htm,2025-04-24,Pending
https://ambisecure.ambimat.com/228987150.htm,2025-04-24,Pending
https://ambisecure.ambimat.com/266914374.htm,2025-04-24,Pending
https://ambisecure.ambimat.com/14600878.htm,2025-04-24,Pending
https://ambisecure.ambimat.com/202074174.htm,2025-04-24,Pending
https://ambisecure.ambimat.com/56917032.htm,2025-04-24,Pending
https://ambisecure.ambimat.com/320380774.htm,2025-04-24,Pending
https://ambisecure.ambimat.com/145835344.htm,2025-04-24,Pending
https://ambisecure.ambimat.com/104307300.htm,2025-04-24,Pending
https://ambisecure.ambimat.com/231781734.htm,2025-04-24,Pending
https://ambisecure.ambimat.com/fhclr/w2919333.html,2025-04-24,Pending
https://ambisecure.ambimat.com/55830214.htm,2025-04-24,Pending
https://ambisecure.ambimat.com/316228012.htm,2025-04-24,Pending
https://ambisecure.ambimat.com/eusdh/c2784685.html,2025-04-24,Pending
https://ambisecure.ambimat.com/211306244.htm,2025-04-24,Pending
https://ambisecure.ambimat.com/jvnem/j2675700.html,2025-04-24,Pending
https://ambisecure.ambimat.com/228365672.htm,2025-04-24,Pending
https://ambisecure.ambimat.com/56796298.htm,2025-04-24,Pending
https://ambisecure.ambimat.com/289892630.htm,2025-04-24,Pending
https://ambisecure.ambimat.com/198654614.htm,2025-04-24,Pending
https://ambisecure.ambimat.com/163536284.htm,2025-04-24,Pending
https://ambisecure.ambimat.com/228769214.htm,2025-04-24,Pending
https://ambisecure.ambimat.com/162456568.htm,2025-04-24,Pending
https://ambisecure.ambimat.com/90165628.htm,2025-04-24,Pending
https://ambisecure.ambimat.com/300860662.htm,2025-04-24,Pending
https://ambisecure.ambimat.com/238219856.htm,2025-04-24,Pending
https://ambisecure.ambimat.com/15544278.htm,2025-04-24,Pending
https://ambisecure.ambimat.com/272316240.htm,2025-04-24,Pending
https://ambisecure.ambimat.com/259256404.htm,2025-04-24,Pending
https://ambisecure.ambimat.com/161976282.htm,2025-04-24,Pending
https://ambisecure.ambimat.com/93138292.htm,2025-04-24,Pending
https://ambisecure.ambimat.com/123718974.htm,2025-04-24,Pending
https://ambisecure.ambimat.com/299521564.htm,2025-04-24,Pending
https://ambisecure.ambimat.com/37676124.htm,2025-04-24,Pending
https://ambisecure.ambimat.com/xghux/c2792641.html,2025-04-23,Pending
https://ambisecure.ambimat.com/320269050.htm,2025-04-17,Pending
https://ambisecure.ambimat.com/252863120.htm,2025-03-30,Pending
https://ambisecure.ambimat.com/27292470.htm,2025-01-29,Pending
https://ambisecure.ambimat.com/4852376.htm,2025-01-28,Pending
https://ambisecure.ambimat.com/191683312.htm,2025-01-28,Pending
https://ambisecure.ambimat.com/210811330.htm,2025-01-28,Pending
https://ambisecure.ambimat.com/307939130.htm,2025-01-26,Pending
https://ambisecure.ambimat.com/63975360.htm,2025-01-26,Pending
https://ambisecure.ambimat.com/261518550.htm,2025-01-26,Pending
https://ambisecure.ambimat.com/35923944.htm,2025-01-26,Pending
https://ambisecure.ambimat.com/209831784.htm,2025-01-26,Pending
https://ambisecure.ambimat.com/mmuly/n1542546.html,2024-11-06,Pending
https://ambisecure.ambimat.com/,2026-06-06,Failed