URL,Last crawled
https://ambisecure.ambimat.com/services/java-card-development/,2026-05-23
https://ambisecure.ambimat.com/services/javacard-development/,2026-05-23
https://ambisecure.ambimat.com/,2026-05-21
https://ambisecure.ambimat.com/cyber-security-threats/,2026-02-15
http://ambisecure.ambimat.com/solutions/,2026-02-15
https://ambisecure.ambimat.com/solutions/,2026-02-15
https://ambisecure.ambimat.com/153225028.htm,2025-06-29
https://ambisecure.ambimat.com/252305560.htm,2025-05-17
https://ambisecure.ambimat.com/159272752.htm,2025-05-06
https://ambisecure.ambimat.com/19953136.htm,2025-05-02
https://ambisecure.ambimat.com/290846842.htm,2025-05-02
https://ambisecure.ambimat.com/36599800.htm,2025-05-02
https://ambisecure.ambimat.com/38150156.htm,2025-05-02
https://ambisecure.ambimat.com/207102814.htm,2025-05-02
https://ambisecure.ambimat.com/97568138.htm,2025-05-01
https://ambisecure.ambimat.com/103112362.htm,2025-05-01
https://ambisecure.ambimat.com/33377082.htm,2025-05-01
https://ambisecure.ambimat.com/181370890.htm,2025-05-01
https://ambisecure.ambimat.com/294305516.htm,2025-05-01
https://ambisecure.ambimat.com/10389180.htm,2025-05-01
https://ambisecure.ambimat.com/114197736.htm,2025-05-01
https://ambisecure.ambimat.com/71913912.htm,2025-05-01
https://ambisecure.ambimat.com/18539732.htm,2025-05-01
https://ambisecure.ambimat.com/171766866.htm,2025-05-01
https://ambisecure.ambimat.com/60431674.htm,2025-05-01
https://ambisecure.ambimat.com/103153490.htm,2025-05-01
https://ambisecure.ambimat.com/296910996.htm,2025-05-01
https://ambisecure.ambimat.com/146501978.htm,2025-05-01
https://ambisecure.ambimat.com/285174146.htm,2025-05-01
https://ambisecure.ambimat.com/70135020.htm,2025-05-01
https://ambisecure.ambimat.com/164804256.htm,2025-05-01
https://ambisecure.ambimat.com/310324872.htm,2025-05-01
https://ambisecure.ambimat.com/107448716.htm,2025-05-01
https://ambisecure.ambimat.com/122077034.htm,2025-05-01
https://ambisecure.ambimat.com/166396164.htm,2025-05-01
https://ambisecure.ambimat.com/171237290.htm,2025-05-01
https://ambisecure.ambimat.com/149475702.htm,2025-05-01
https://ambisecure.ambimat.com/85092786.htm,2025-05-01
https://ambisecure.ambimat.com/121149004.htm,2025-05-01
https://ambisecure.ambimat.com/260857958.htm,2025-05-01
https://ambisecure.ambimat.com/285208808.htm,2025-05-01
https://ambisecure.ambimat.com/265463234.htm,2025-05-01
https://ambisecure.ambimat.com/142355152.htm,2025-05-01
https://ambisecure.ambimat.com/289274544.htm,2025-05-01
https://ambisecure.ambimat.com/97949314.htm,2025-04-29
https://ambisecure.ambimat.com/231308444.htm,2025-04-28
https://ambisecure.ambimat.com/25829988.htm,2025-04-25
https://ambisecure.ambimat.com/87993900.htm,2025-04-25
https://ambisecure.ambimat.com/222691492.htm,2025-04-25
https://ambisecure.ambimat.com/312467556.htm,2025-04-25
https://ambisecure.ambimat.com/295479466.htm,2025-04-25
https://ambisecure.ambimat.com/299898394.htm,2025-04-25
https://ambisecure.ambimat.com/151118384.htm,2025-04-25
https://ambisecure.ambimat.com/43057320.htm,2025-04-25
https://ambisecure.ambimat.com/100180190.htm,2025-04-25
https://ambisecure.ambimat.com/177759258.htm,2025-04-25
https://ambisecure.ambimat.com/62555914.htm,2025-04-25
https://ambisecure.ambimat.com/25180314.htm,2025-04-25
https://ambisecure.ambimat.com/241041258.htm,2025-04-25
https://ambisecure.ambimat.com/272302884.htm,2025-04-25
https://ambisecure.ambimat.com/300841052.htm,2025-04-25
https://ambisecure.ambimat.com/81945964.htm,2025-04-25
https://ambisecure.ambimat.com/41948454.htm,2025-04-25
https://ambisecure.ambimat.com/297192850.htm,2025-04-25
https://ambisecure.ambimat.com/166862988.htm,2025-04-25
https://ambisecure.ambimat.com/280608726.htm,2025-04-25
https://ambisecure.ambimat.com/162708848.htm,2025-04-25
https://ambisecure.ambimat.com/247309886.htm,2025-04-24
https://ambisecure.ambimat.com/60279988.htm,2025-04-24
https://ambisecure.ambimat.com/300748832.htm,2025-04-24
https://ambisecure.ambimat.com/260365694.htm,2025-04-24
https://ambisecure.ambimat.com/205205944.htm,2025-04-24
https://ambisecure.ambimat.com/127700546.htm,2025-04-24
https://ambisecure.ambimat.com/308900232.htm,2025-04-24
https://ambisecure.ambimat.com/249710044.htm,2025-04-24
https://ambisecure.ambimat.com/254773134.htm,2025-04-24
https://ambisecure.ambimat.com/12876258.htm,2025-04-24
https://ambisecure.ambimat.com/11955436.htm,2025-04-24
https://ambisecure.ambimat.com/317104420.htm,2025-04-24
https://ambisecure.ambimat.com/13308632.htm,2025-04-24
https://ambisecure.ambimat.com/322013068.htm,2025-04-24
https://ambisecure.ambimat.com/21211992.htm,2025-04-24
https://ambisecure.ambimat.com/295583240.htm,2025-04-24
https://ambisecure.ambimat.com/212125094.htm,2025-04-24
https://ambisecure.ambimat.com/45064854.htm,2025-04-24
https://ambisecure.ambimat.com/67276200.htm,2025-04-24
https://ambisecure.ambimat.com/305669776.htm,2025-04-24
https://ambisecure.ambimat.com/162751672.htm,2025-04-24
https://ambisecure.ambimat.com/109388198.htm,2025-04-24
https://ambisecure.ambimat.com/255209960.htm,2025-04-24
https://ambisecure.ambimat.com/55378018.htm,2025-04-24
https://ambisecure.ambimat.com/193762078.htm,2025-04-24
https://ambisecure.ambimat.com/317473618.htm,2025-04-24
https://ambisecure.ambimat.com/271217338.htm,2025-04-24
https://ambisecure.ambimat.com/134560230.htm,2025-04-24
https://ambisecure.ambimat.com/32017950.htm,2025-04-24
https://ambisecure.ambimat.com/261248886.htm,2025-04-24
https://ambisecure.ambimat.com/14517986.htm,2025-04-24
https://ambisecure.ambimat.com/130672786.htm,2025-04-24
https://ambisecure.ambimat.com/31922126.htm,2025-04-24
https://ambisecure.ambimat.com/72130470.htm,2025-04-24
https://ambisecure.ambimat.com/191604342.htm,2025-04-24
https://ambisecure.ambimat.com/17997966.htm,2025-04-24
https://ambisecure.ambimat.com/10441756.htm,2025-04-24
https://ambisecure.ambimat.com/22974878.htm,2025-04-24
https://ambisecure.ambimat.com/77242320.htm,2025-04-24
https://ambisecure.ambimat.com/211310590.htm,2025-04-24
https://ambisecure.ambimat.com/150153360.htm,2025-04-24
https://ambisecure.ambimat.com/143493380.htm,2025-04-24
https://ambisecure.ambimat.com/119336934.htm,2025-04-24
https://ambisecure.ambimat.com/204690360.htm,2025-04-24
https://ambisecure.ambimat.com/73661640.htm,2025-04-24
https://ambisecure.ambimat.com/92344670.htm,2025-04-24
https://ambisecure.ambimat.com/145858452.htm,2025-04-24
https://ambisecure.ambimat.com/316133990.htm,2025-04-24
https://ambisecure.ambimat.com/130521948.htm,2025-04-24
https://ambisecure.ambimat.com/246595976.htm,2025-04-24
https://ambisecure.ambimat.com/89212476.htm,2025-04-24
https://ambisecure.ambimat.com/12305342.htm,2025-04-24
https://ambisecure.ambimat.com/140671554.htm,2025-04-24
https://ambisecure.ambimat.com/60461460.htm,2025-04-24
https://ambisecure.ambimat.com/76198220.htm,2025-04-24
https://ambisecure.ambimat.com/207184964.htm,2025-04-24
https://ambisecure.ambimat.com/220866490.htm,2025-04-24
https://ambisecure.ambimat.com/105917546.htm,2025-04-24
https://ambisecure.ambimat.com/25906202.htm,2025-04-24
https://ambisecure.ambimat.com/31152142.htm,2025-04-24
https://ambisecure.ambimat.com/107380346.htm,2025-04-24
https://ambisecure.ambimat.com/145256584.htm,2025-04-24
https://ambisecure.ambimat.com/116972180.htm,2025-04-24
https://ambisecure.ambimat.com/258813960.htm,2025-04-24
https://ambisecure.ambimat.com/16304934.htm,2025-04-24
https://ambisecure.ambimat.com/185397088.htm,2025-04-24
https://ambisecure.ambimat.com/271940152.htm,2025-04-24
https://ambisecure.ambimat.com/7107208.htm,2025-04-24
https://ambisecure.ambimat.com/308407120.htm,2025-04-24
https://ambisecure.ambimat.com/154324036.htm,2025-04-24
https://ambisecure.ambimat.com/143117186.htm,2025-04-24
https://ambisecure.ambimat.com/122989906.htm,2025-04-24
https://ambisecure.ambimat.com/227259880.htm,2025-04-24
https://ambisecure.ambimat.com/57158288.htm,2025-04-24
https://ambisecure.ambimat.com/290425704.htm,2025-04-24
https://ambisecure.ambimat.com/96974856.htm,2025-04-24
https://ambisecure.ambimat.com/34888536.htm,2025-04-24
https://ambisecure.ambimat.com/242235666.htm,2025-04-24
https://ambisecure.ambimat.com/87653852.htm,2025-04-24
https://ambisecure.ambimat.com/103375666.htm,2025-04-24
https://ambisecure.ambimat.com/290234692.htm,2025-04-24
https://ambisecure.ambimat.com/119366190.htm,2025-04-24
https://ambisecure.ambimat.com/305107976.htm,2025-04-24
https://ambisecure.ambimat.com/131953584.htm,2025-04-24
https://ambisecure.ambimat.com/284901090.htm,2025-04-24
https://ambisecure.ambimat.com/187430274.htm,2025-04-24
https://ambisecure.ambimat.com/71177530.htm,2025-04-24
https://ambisecure.ambimat.com/228987150.htm,2025-04-24
https://ambisecure.ambimat.com/266914374.htm,2025-04-24
https://ambisecure.ambimat.com/15991386.htm,2025-04-24
https://ambisecure.ambimat.com/14600878.htm,2025-04-24
https://ambisecure.ambimat.com/234233196.htm,2025-04-24
https://ambisecure.ambimat.com/202074174.htm,2025-04-24
https://ambisecure.ambimat.com/76722284.htm,2025-04-24
https://ambisecure.ambimat.com/56917032.htm,2025-04-24
https://ambisecure.ambimat.com/320380774.htm,2025-04-24
https://ambisecure.ambimat.com/145835344.htm,2025-04-24
https://ambisecure.ambimat.com/104307300.htm,2025-04-24
https://ambisecure.ambimat.com/231781734.htm,2025-04-24
https://ambisecure.ambimat.com/38199022.htm,2025-04-24
https://ambisecure.ambimat.com/fhclr/w2919333.html,2025-04-24
https://ambisecure.ambimat.com/55830214.htm,2025-04-24
https://ambisecure.ambimat.com/316228012.htm,2025-04-24
https://ambisecure.ambimat.com/eusdh/c2784685.html,2025-04-24
https://ambisecure.ambimat.com/211306244.htm,2025-04-24
https://ambisecure.ambimat.com/jvnem/j2675700.html,2025-04-24
https://ambisecure.ambimat.com/griui/x2289796.html,2025-04-24
https://ambisecure.ambimat.com/146498586.htm,2025-04-24
https://ambisecure.ambimat.com/228365672.htm,2025-04-24
https://ambisecure.ambimat.com/56796298.htm,2025-04-24
https://ambisecure.ambimat.com/289892630.htm,2025-04-24
https://ambisecure.ambimat.com/198654614.htm,2025-04-24
https://ambisecure.ambimat.com/163536284.htm,2025-04-24
https://ambisecure.ambimat.com/228769214.htm,2025-04-24
https://ambisecure.ambimat.com/162456568.htm,2025-04-24
https://ambisecure.ambimat.com/90165628.htm,2025-04-24
https://ambisecure.ambimat.com/102949334.htm,2025-04-24
https://ambisecure.ambimat.com/125364518.htm,2025-04-24
https://ambisecure.ambimat.com/113496652.htm,2025-04-24
https://ambisecure.ambimat.com/288512404.htm,2025-04-24
https://ambisecure.ambimat.com/300860662.htm,2025-04-24
https://ambisecure.ambimat.com/238219856.htm,2025-04-24
https://ambisecure.ambimat.com/15544278.htm,2025-04-24
https://ambisecure.ambimat.com/272316240.htm,2025-04-24
https://ambisecure.ambimat.com/259256404.htm,2025-04-24
https://ambisecure.ambimat.com/161976282.htm,2025-04-24
https://ambisecure.ambimat.com/93138292.htm,2025-04-24
https://ambisecure.ambimat.com/96234658.htm,2025-04-24
https://ambisecure.ambimat.com/123718974.htm,2025-04-24
https://ambisecure.ambimat.com/299521564.htm,2025-04-24
https://ambisecure.ambimat.com/318693678.htm,2025-04-24
https://ambisecure.ambimat.com/37676124.htm,2025-04-24
https://ambisecure.ambimat.com/xghux/c2792641.html,2025-04-23
https://ambisecure.ambimat.com/320269050.htm,2025-04-17
https://ambisecure.ambimat.com/products/smart-wallet-for-payments/,2025-04-12
https://ambisecure.ambimat.com/252863120.htm,2025-03-30
https://ambisecure.ambimat.com/126075990.htm,2025-02-05
https://ambisecure.ambimat.com/27292470.htm,2025-01-29
https://ambisecure.ambimat.com/74436394.htm,2025-01-29
https://ambisecure.ambimat.com/4852376.htm,2025-01-28
https://ambisecure.ambimat.com/191683312.htm,2025-01-28
https://ambisecure.ambimat.com/210811330.htm,2025-01-28
https://ambisecure.ambimat.com/269647372.htm,2025-01-27
https://ambisecure.ambimat.com/307939130.htm,2025-01-26
https://ambisecure.ambimat.com/63975360.htm,2025-01-26
https://ambisecure.ambimat.com/261518550.htm,2025-01-26
https://ambisecure.ambimat.com/183712112.htm,2025-01-26
https://ambisecure.ambimat.com/88271090.htm,2025-01-26
https://ambisecure.ambimat.com/35923944.htm,2025-01-26
https://ambisecure.ambimat.com/209831784.htm,2025-01-26
https://ambisecure.ambimat.com/mmuly/n1542546.html,2024-11-06